package	status	reason	release_note_acknowledgement	reviewed_on	expires_on	owner
github.com/aatuh/api-toolkit/contrib/v2/adapters/idempotencyredis	compatible	Release and ReleaseReservation plus legacy recovery telemetry were added while preserving exported type comparability.	not_required	2026-05-02	2026-08-01	contrib-idempotency-maintainers
github.com/aatuh/api-toolkit/contrib/v2/adapters/pgxpool	compatible	StatSnapshot was added to support plain-value database stats migration.	not_required	2026-05-01	2026-08-01	contrib-database-maintainers
github.com/aatuh/api-toolkit/contrib/v2/adapters/stripe	compatible	GetSubscriptionPrimaryItemID was added as an adapter convenience helper.	not_required	2026-05-01	2026-08-01	contrib-billing-maintainers
github.com/aatuh/api-toolkit/contrib/v2/adapters/txpostgres	compatible	ErrPoolNotConfigured was added for clearer adapter startup failures.	not_required	2026-05-01	2026-08-01	contrib-database-maintainers
github.com/aatuh/api-toolkit/contrib/v2/bootstrap	compatible	System endpoint mounting helpers, profile helpers, and migration helpers were added.	not_required	2026-05-02	2026-08-01	contrib-bootstrap-maintainers
github.com/aatuh/api-toolkit/contrib/v2/integrations/pgxpool	compatible	Snapshot was added to expose plain-value database stats through the integration wrapper.	not_required	2026-05-01	2026-08-01	contrib-database-maintainers
github.com/aatuh/api-toolkit/contrib/v2/middleware/auth/devheaders	compatible	Trusted-proxy validation and explicit dev-bypass opt-in were added while preserving exported type comparability.	not_required	2026-05-02	2026-08-01	contrib-auth-maintainers
github.com/aatuh/api-toolkit/contrib/v2/middleware/metrics	compatible	Checked Prometheus recorder construction was added while preserving the existing NewPrometheusRecorder signature.	not_required	2026-05-02	2026-08-01	contrib-observability-maintainers
github.com/aatuh/api-toolkit/contrib/v2/middleware/requestlog	compatible	Committed-status, panic-recovery, stack logging, and payload-redaction helpers were added.	not_required	2026-05-02	2026-08-01	contrib-observability-maintainers
