release_tag	release_commit	module	package	api_status	test_status	observed_percent
v3.0.0	990489dbcc2c3388bbc1c7f28a2cd9d2182b3434	contrib	(aggregate)	aggregate	aggregate	66.1
v3.0.0	990489dbcc2c3388bbc1c7f28a2cd9d2182b3434	contrib	github.com/aatuh/api-toolkit/contrib/v3/adapters/auditpostgres	supported-adapter	direct-tests	90.2
v3.0.0	990489dbcc2c3388bbc1c7f28a2cd9d2182b3434	contrib	github.com/aatuh/api-toolkit/contrib/v3/adapters/cacheredis	supported-adapter	direct-tests	74.3
v3.0.0	990489dbcc2c3388bbc1c7f28a2cd9d2182b3434	contrib	github.com/aatuh/api-toolkit/contrib/v3/adapters/idempotencyredis	supported-adapter	direct-tests	68.2
v3.0.0	990489dbcc2c3388bbc1c7f28a2cd9d2182b3434	contrib	github.com/aatuh/api-toolkit/contrib/v3/adapters/objectstores3	supported-adapter	direct-tests	75.1
v3.0.0	990489dbcc2c3388bbc1c7f28a2cd9d2182b3434	contrib	github.com/aatuh/api-toolkit/contrib/v3/adapters/operationpostgres	supported-adapter	direct-tests	80.0
v3.0.0	990489dbcc2c3388bbc1c7f28a2cd9d2182b3434	contrib	github.com/aatuh/api-toolkit/contrib/v3/adapters/outboxpostgres	supported-adapter	direct-tests	86.4
v3.0.0	990489dbcc2c3388bbc1c7f28a2cd9d2182b3434	contrib	github.com/aatuh/api-toolkit/contrib/v3/adapters/pgxpool	supported-adapter	direct-tests	49.1
v3.0.0	990489dbcc2c3388bbc1c7f28a2cd9d2182b3434	contrib	github.com/aatuh/api-toolkit/contrib/v3/adapters/ratelimitredis	supported-adapter	direct-tests	65.4
v3.0.0	990489dbcc2c3388bbc1c7f28a2cd9d2182b3434	contrib	github.com/aatuh/api-toolkit/contrib/v3/adapters/webhookdeliverypostgres	supported-adapter	direct-tests	81.5
v3.0.0	990489dbcc2c3388bbc1c7f28a2cd9d2182b3434	contrib	github.com/aatuh/api-toolkit/contrib/v3/bootstrap	supported-adapter	direct-tests	71.5
v3.0.0	990489dbcc2c3388bbc1c7f28a2cd9d2182b3434	contrib	github.com/aatuh/api-toolkit/contrib/v3/middleware/auth/oidc	supported-adapter	direct-tests	76.6
v3.0.0	990489dbcc2c3388bbc1c7f28a2cd9d2182b3434	contrib	github.com/aatuh/api-toolkit/contrib/v3/middleware/metrics	supported-adapter	direct-tests	74.3
v3.0.0	990489dbcc2c3388bbc1c7f28a2cd9d2182b3434	contrib	github.com/aatuh/api-toolkit/contrib/v3/middleware/openapi	supported-adapter	direct-tests	63.0
v3.0.0	990489dbcc2c3388bbc1c7f28a2cd9d2182b3434	contrib	github.com/aatuh/api-toolkit/contrib/v3/middleware/oteltrace	supported-adapter	direct-tests	66.1
v3.0.0	990489dbcc2c3388bbc1c7f28a2cd9d2182b3434	contrib	github.com/aatuh/api-toolkit/contrib/v3/middleware/requestlog	supported-adapter	direct-tests	69.0
v3.0.0	990489dbcc2c3388bbc1c7f28a2cd9d2182b3434	contrib	github.com/aatuh/api-toolkit/contrib/v3/webhookdelivery	supported-adapter	direct-tests	66.7
v3.0.0	990489dbcc2c3388bbc1c7f28a2cd9d2182b3434	root	(aggregate)	aggregate	aggregate	73.2
v3.0.0	990489dbcc2c3388bbc1c7f28a2cd9d2182b3434	root	github.com/aatuh/api-toolkit/v3/apiclient	stable	direct-tests	93.2
v3.0.0	990489dbcc2c3388bbc1c7f28a2cd9d2182b3434	root	github.com/aatuh/api-toolkit/v3/apitest	stable	direct-tests	78.2
v3.0.0	990489dbcc2c3388bbc1c7f28a2cd9d2182b3434	root	github.com/aatuh/api-toolkit/v3/authorization	stable	direct-tests	98.4
v3.0.0	990489dbcc2c3388bbc1c7f28a2cd9d2182b3434	root	github.com/aatuh/api-toolkit/v3/binding	stable	direct-tests	70.8
v3.0.0	990489dbcc2c3388bbc1c7f28a2cd9d2182b3434	root	github.com/aatuh/api-toolkit/v3/compat/billing	compatibility-only	direct-tests	no-statements
v3.0.0	990489dbcc2c3388bbc1c7f28a2cd9d2182b3434	root	github.com/aatuh/api-toolkit/v3/contracttest	stable	direct-tests	83.9
v3.0.0	990489dbcc2c3388bbc1c7f28a2cd9d2182b3434	root	github.com/aatuh/api-toolkit/v3/email	stable	direct-tests	no-statements
v3.0.0	990489dbcc2c3388bbc1c7f28a2cd9d2182b3434	root	github.com/aatuh/api-toolkit/v3/endpoints/docs	stable	direct-tests	59.1
v3.0.0	990489dbcc2c3388bbc1c7f28a2cd9d2182b3434	root	github.com/aatuh/api-toolkit/v3/endpoints/health	stable	direct-tests	62.9
v3.0.0	990489dbcc2c3388bbc1c7f28a2cd9d2182b3434	root	github.com/aatuh/api-toolkit/v3/endpoints/list	stable	direct-tests	77.2
v3.0.0	990489dbcc2c3388bbc1c7f28a2cd9d2182b3434	root	github.com/aatuh/api-toolkit/v3/endpoints/pprof	stable	direct-tests	93.3
v3.0.0	990489dbcc2c3388bbc1c7f28a2cd9d2182b3434	root	github.com/aatuh/api-toolkit/v3/endpoints/version	stable	direct-tests	50.0
v3.0.0	990489dbcc2c3388bbc1c7f28a2cd9d2182b3434	root	github.com/aatuh/api-toolkit/v3/fielderrors	stable	direct-tests	100.0
v3.0.0	990489dbcc2c3388bbc1c7f28a2cd9d2182b3434	root	github.com/aatuh/api-toolkit/v3/httpcache	stable	direct-tests	78.1
v3.0.0	990489dbcc2c3388bbc1c7f28a2cd9d2182b3434	root	github.com/aatuh/api-toolkit/v3/httpx	stable	direct-tests	63.7
v3.0.0	990489dbcc2c3388bbc1c7f28a2cd9d2182b3434	root	github.com/aatuh/api-toolkit/v3/httpx/identity	stable	direct-tests	45.7
v3.0.0	990489dbcc2c3388bbc1c7f28a2cd9d2182b3434	root	github.com/aatuh/api-toolkit/v3/httpx/recover	stable	direct-tests	53.3
v3.0.0	990489dbcc2c3388bbc1c7f28a2cd9d2182b3434	root	github.com/aatuh/api-toolkit/v3/idempotent	stable	direct-tests	77.8
v3.0.0	990489dbcc2c3388bbc1c7f28a2cd9d2182b3434	root	github.com/aatuh/api-toolkit/v3/middleware/auth/apikey	stable	direct-tests	79.7
v3.0.0	990489dbcc2c3388bbc1c7f28a2cd9d2182b3434	root	github.com/aatuh/api-toolkit/v3/middleware/auth/authz	stable	direct-tests	77.6
v3.0.0	990489dbcc2c3388bbc1c7f28a2cd9d2182b3434	root	github.com/aatuh/api-toolkit/v3/middleware/auth/jwt	stable	direct-tests	40.0
v3.0.0	990489dbcc2c3388bbc1c7f28a2cd9d2182b3434	root	github.com/aatuh/api-toolkit/v3/middleware/auth/tenant	stable	direct-tests	84.0
v3.0.0	990489dbcc2c3388bbc1c7f28a2cd9d2182b3434	root	github.com/aatuh/api-toolkit/v3/middleware/deprecation	stable	direct-tests	83.3
v3.0.0	990489dbcc2c3388bbc1c7f28a2cd9d2182b3434	root	github.com/aatuh/api-toolkit/v3/middleware/idempotency	stable	direct-tests	71.6
v3.0.0	990489dbcc2c3388bbc1c7f28a2cd9d2182b3434	root	github.com/aatuh/api-toolkit/v3/middleware/json	stable	direct-tests	55.9
v3.0.0	990489dbcc2c3388bbc1c7f28a2cd9d2182b3434	root	github.com/aatuh/api-toolkit/v3/middleware/maxbody	stable	direct-tests	28.6
v3.0.0	990489dbcc2c3388bbc1c7f28a2cd9d2182b3434	root	github.com/aatuh/api-toolkit/v3/middleware/querylimits	stable	direct-tests	51.7
v3.0.0	990489dbcc2c3388bbc1c7f28a2cd9d2182b3434	root	github.com/aatuh/api-toolkit/v3/middleware/ratelimit	stable	direct-tests	68.6
v3.0.0	990489dbcc2c3388bbc1c7f28a2cd9d2182b3434	root	github.com/aatuh/api-toolkit/v3/middleware/secure	stable	direct-tests	76.4
v3.0.0	990489dbcc2c3388bbc1c7f28a2cd9d2182b3434	root	github.com/aatuh/api-toolkit/v3/middleware/timeout	stable	direct-tests	81.9
v3.0.0	990489dbcc2c3388bbc1c7f28a2cd9d2182b3434	root	github.com/aatuh/api-toolkit/v3/middleware/trace	stable	direct-tests	80.2
v3.0.0	990489dbcc2c3388bbc1c7f28a2cd9d2182b3434	root	github.com/aatuh/api-toolkit/v3/negotiation	stable	direct-tests	83.8
v3.0.0	990489dbcc2c3388bbc1c7f28a2cd9d2182b3434	root	github.com/aatuh/api-toolkit/v3/oauth2	stable	direct-tests	97.2
v3.0.0	990489dbcc2c3388bbc1c7f28a2cd9d2182b3434	root	github.com/aatuh/api-toolkit/v3/operations	stable	direct-tests	77.1
v3.0.0	990489dbcc2c3388bbc1c7f28a2cd9d2182b3434	root	github.com/aatuh/api-toolkit/v3/ports	stable	direct-tests	62.5
v3.0.0	990489dbcc2c3388bbc1c7f28a2cd9d2182b3434	root	github.com/aatuh/api-toolkit/v3/queryparams	stable	direct-tests	86.7
v3.0.0	990489dbcc2c3388bbc1c7f28a2cd9d2182b3434	root	github.com/aatuh/api-toolkit/v3/routecontracts	stable	direct-tests	83.9
v3.0.0	990489dbcc2c3388bbc1c7f28a2cd9d2182b3434	root	github.com/aatuh/api-toolkit/v3/routepolicy	stable	direct-tests	73.7
v3.0.0	990489dbcc2c3388bbc1c7f28a2cd9d2182b3434	root	github.com/aatuh/api-toolkit/v3/scheduler	stable	direct-tests	89.9
v3.0.0	990489dbcc2c3388bbc1c7f28a2cd9d2182b3434	root	github.com/aatuh/api-toolkit/v3/scheduler/migrations	compatibility-only	direct-tests	no-statements
v3.0.0	990489dbcc2c3388bbc1c7f28a2cd9d2182b3434	root	github.com/aatuh/api-toolkit/v3/securityprofile	stable	direct-tests	66.3
v3.0.0	990489dbcc2c3388bbc1c7f28a2cd9d2182b3434	root	github.com/aatuh/api-toolkit/v3/specs	stable	direct-tests	82.9
v3.0.0	990489dbcc2c3388bbc1c7f28a2cd9d2182b3434	root	github.com/aatuh/api-toolkit/v3/swagstub	compatibility-only	direct-tests	68.2
v3.0.0	990489dbcc2c3388bbc1c7f28a2cd9d2182b3434	root	github.com/aatuh/api-toolkit/v3/upload	stable	direct-tests	95.8
v3.0.0	990489dbcc2c3388bbc1c7f28a2cd9d2182b3434	root	github.com/aatuh/api-toolkit/v3/webhooks	stable	direct-tests	80.0
v3.1.0	279dadf0eac51635e6eb7a02c71ae9285d20f66b	contrib	(aggregate)	aggregate	aggregate	66.3
v3.1.0	279dadf0eac51635e6eb7a02c71ae9285d20f66b	contrib	github.com/aatuh/api-toolkit/contrib/v3/adapters/auditpostgres	supported-adapter	direct-tests	90.2
v3.1.0	279dadf0eac51635e6eb7a02c71ae9285d20f66b	contrib	github.com/aatuh/api-toolkit/contrib/v3/adapters/cacheredis	supported-adapter	direct-tests	74.3
v3.1.0	279dadf0eac51635e6eb7a02c71ae9285d20f66b	contrib	github.com/aatuh/api-toolkit/contrib/v3/adapters/idempotencyredis	supported-adapter	direct-tests	68.2
v3.1.0	279dadf0eac51635e6eb7a02c71ae9285d20f66b	contrib	github.com/aatuh/api-toolkit/contrib/v3/adapters/objectstores3	supported-adapter	direct-tests	75.1
v3.1.0	279dadf0eac51635e6eb7a02c71ae9285d20f66b	contrib	github.com/aatuh/api-toolkit/contrib/v3/adapters/operationpostgres	supported-adapter	direct-tests	80.0
v3.1.0	279dadf0eac51635e6eb7a02c71ae9285d20f66b	contrib	github.com/aatuh/api-toolkit/contrib/v3/adapters/outboxpostgres	supported-adapter	direct-tests	86.4
v3.1.0	279dadf0eac51635e6eb7a02c71ae9285d20f66b	contrib	github.com/aatuh/api-toolkit/contrib/v3/adapters/pgxpool	supported-adapter	direct-tests	49.1
v3.1.0	279dadf0eac51635e6eb7a02c71ae9285d20f66b	contrib	github.com/aatuh/api-toolkit/contrib/v3/adapters/ratelimitredis	supported-adapter	direct-tests	65.4
v3.1.0	279dadf0eac51635e6eb7a02c71ae9285d20f66b	contrib	github.com/aatuh/api-toolkit/contrib/v3/adapters/webhookdeliverypostgres	supported-adapter	direct-tests	81.5
v3.1.0	279dadf0eac51635e6eb7a02c71ae9285d20f66b	contrib	github.com/aatuh/api-toolkit/contrib/v3/bootstrap	supported-adapter	direct-tests	71.7
v3.1.0	279dadf0eac51635e6eb7a02c71ae9285d20f66b	contrib	github.com/aatuh/api-toolkit/contrib/v3/middleware/auth/oidc	supported-adapter	direct-tests	76.6
v3.1.0	279dadf0eac51635e6eb7a02c71ae9285d20f66b	contrib	github.com/aatuh/api-toolkit/contrib/v3/middleware/metrics	supported-adapter	direct-tests	74.3
v3.1.0	279dadf0eac51635e6eb7a02c71ae9285d20f66b	contrib	github.com/aatuh/api-toolkit/contrib/v3/middleware/openapi	supported-adapter	direct-tests	69.2
v3.1.0	279dadf0eac51635e6eb7a02c71ae9285d20f66b	contrib	github.com/aatuh/api-toolkit/contrib/v3/middleware/oteltrace	supported-adapter	direct-tests	66.1
v3.1.0	279dadf0eac51635e6eb7a02c71ae9285d20f66b	contrib	github.com/aatuh/api-toolkit/contrib/v3/middleware/requestlog	supported-adapter	direct-tests	69.0
v3.1.0	279dadf0eac51635e6eb7a02c71ae9285d20f66b	contrib	github.com/aatuh/api-toolkit/contrib/v3/webhookdelivery	supported-adapter	direct-tests	66.7
v3.1.0	279dadf0eac51635e6eb7a02c71ae9285d20f66b	root	(aggregate)	aggregate	aggregate	73.2
v3.1.0	279dadf0eac51635e6eb7a02c71ae9285d20f66b	root	github.com/aatuh/api-toolkit/v3/apiclient	stable	direct-tests	93.2
v3.1.0	279dadf0eac51635e6eb7a02c71ae9285d20f66b	root	github.com/aatuh/api-toolkit/v3/apitest	stable	direct-tests	78.2
v3.1.0	279dadf0eac51635e6eb7a02c71ae9285d20f66b	root	github.com/aatuh/api-toolkit/v3/authorization	stable	direct-tests	98.4
v3.1.0	279dadf0eac51635e6eb7a02c71ae9285d20f66b	root	github.com/aatuh/api-toolkit/v3/binding	stable	direct-tests	70.8
v3.1.0	279dadf0eac51635e6eb7a02c71ae9285d20f66b	root	github.com/aatuh/api-toolkit/v3/compat/billing	compatibility-only	direct-tests	no-statements
v3.1.0	279dadf0eac51635e6eb7a02c71ae9285d20f66b	root	github.com/aatuh/api-toolkit/v3/contracttest	stable	direct-tests	83.9
v3.1.0	279dadf0eac51635e6eb7a02c71ae9285d20f66b	root	github.com/aatuh/api-toolkit/v3/email	stable	direct-tests	no-statements
v3.1.0	279dadf0eac51635e6eb7a02c71ae9285d20f66b	root	github.com/aatuh/api-toolkit/v3/endpoints/docs	stable	direct-tests	59.1
v3.1.0	279dadf0eac51635e6eb7a02c71ae9285d20f66b	root	github.com/aatuh/api-toolkit/v3/endpoints/health	stable	direct-tests	62.9
v3.1.0	279dadf0eac51635e6eb7a02c71ae9285d20f66b	root	github.com/aatuh/api-toolkit/v3/endpoints/list	stable	direct-tests	77.2
v3.1.0	279dadf0eac51635e6eb7a02c71ae9285d20f66b	root	github.com/aatuh/api-toolkit/v3/endpoints/pprof	stable	direct-tests	93.3
v3.1.0	279dadf0eac51635e6eb7a02c71ae9285d20f66b	root	github.com/aatuh/api-toolkit/v3/endpoints/version	stable	direct-tests	50.0
v3.1.0	279dadf0eac51635e6eb7a02c71ae9285d20f66b	root	github.com/aatuh/api-toolkit/v3/fielderrors	stable	direct-tests	100.0
v3.1.0	279dadf0eac51635e6eb7a02c71ae9285d20f66b	root	github.com/aatuh/api-toolkit/v3/httpcache	stable	direct-tests	78.1
v3.1.0	279dadf0eac51635e6eb7a02c71ae9285d20f66b	root	github.com/aatuh/api-toolkit/v3/httpx	stable	direct-tests	63.7
v3.1.0	279dadf0eac51635e6eb7a02c71ae9285d20f66b	root	github.com/aatuh/api-toolkit/v3/httpx/identity	stable	direct-tests	45.7
v3.1.0	279dadf0eac51635e6eb7a02c71ae9285d20f66b	root	github.com/aatuh/api-toolkit/v3/httpx/recover	stable	direct-tests	53.3
v3.1.0	279dadf0eac51635e6eb7a02c71ae9285d20f66b	root	github.com/aatuh/api-toolkit/v3/idempotent	stable	direct-tests	77.8
v3.1.0	279dadf0eac51635e6eb7a02c71ae9285d20f66b	root	github.com/aatuh/api-toolkit/v3/middleware/auth/apikey	stable	direct-tests	79.7
v3.1.0	279dadf0eac51635e6eb7a02c71ae9285d20f66b	root	github.com/aatuh/api-toolkit/v3/middleware/auth/authz	stable	direct-tests	77.6
v3.1.0	279dadf0eac51635e6eb7a02c71ae9285d20f66b	root	github.com/aatuh/api-toolkit/v3/middleware/auth/jwt	stable	direct-tests	40.0
v3.1.0	279dadf0eac51635e6eb7a02c71ae9285d20f66b	root	github.com/aatuh/api-toolkit/v3/middleware/auth/tenant	stable	direct-tests	84.0
v3.1.0	279dadf0eac51635e6eb7a02c71ae9285d20f66b	root	github.com/aatuh/api-toolkit/v3/middleware/deprecation	stable	direct-tests	83.3
v3.1.0	279dadf0eac51635e6eb7a02c71ae9285d20f66b	root	github.com/aatuh/api-toolkit/v3/middleware/idempotency	stable	direct-tests	71.6
v3.1.0	279dadf0eac51635e6eb7a02c71ae9285d20f66b	root	github.com/aatuh/api-toolkit/v3/middleware/json	stable	direct-tests	55.9
v3.1.0	279dadf0eac51635e6eb7a02c71ae9285d20f66b	root	github.com/aatuh/api-toolkit/v3/middleware/maxbody	stable	direct-tests	28.6
v3.1.0	279dadf0eac51635e6eb7a02c71ae9285d20f66b	root	github.com/aatuh/api-toolkit/v3/middleware/querylimits	stable	direct-tests	51.7
v3.1.0	279dadf0eac51635e6eb7a02c71ae9285d20f66b	root	github.com/aatuh/api-toolkit/v3/middleware/ratelimit	stable	direct-tests	68.6
v3.1.0	279dadf0eac51635e6eb7a02c71ae9285d20f66b	root	github.com/aatuh/api-toolkit/v3/middleware/secure	stable	direct-tests	76.4
v3.1.0	279dadf0eac51635e6eb7a02c71ae9285d20f66b	root	github.com/aatuh/api-toolkit/v3/middleware/timeout	stable	direct-tests	81.9
v3.1.0	279dadf0eac51635e6eb7a02c71ae9285d20f66b	root	github.com/aatuh/api-toolkit/v3/middleware/trace	stable	direct-tests	80.2
v3.1.0	279dadf0eac51635e6eb7a02c71ae9285d20f66b	root	github.com/aatuh/api-toolkit/v3/negotiation	stable	direct-tests	83.8
v3.1.0	279dadf0eac51635e6eb7a02c71ae9285d20f66b	root	github.com/aatuh/api-toolkit/v3/oauth2	stable	direct-tests	97.2
v3.1.0	279dadf0eac51635e6eb7a02c71ae9285d20f66b	root	github.com/aatuh/api-toolkit/v3/operations	stable	direct-tests	77.1
v3.1.0	279dadf0eac51635e6eb7a02c71ae9285d20f66b	root	github.com/aatuh/api-toolkit/v3/ports	stable	direct-tests	62.5
v3.1.0	279dadf0eac51635e6eb7a02c71ae9285d20f66b	root	github.com/aatuh/api-toolkit/v3/queryparams	stable	direct-tests	86.7
v3.1.0	279dadf0eac51635e6eb7a02c71ae9285d20f66b	root	github.com/aatuh/api-toolkit/v3/routecontracts	stable	direct-tests	83.9
v3.1.0	279dadf0eac51635e6eb7a02c71ae9285d20f66b	root	github.com/aatuh/api-toolkit/v3/routepolicy	stable	direct-tests	73.7
v3.1.0	279dadf0eac51635e6eb7a02c71ae9285d20f66b	root	github.com/aatuh/api-toolkit/v3/scheduler	stable	direct-tests	89.9
v3.1.0	279dadf0eac51635e6eb7a02c71ae9285d20f66b	root	github.com/aatuh/api-toolkit/v3/scheduler/migrations	compatibility-only	direct-tests	no-statements
v3.1.0	279dadf0eac51635e6eb7a02c71ae9285d20f66b	root	github.com/aatuh/api-toolkit/v3/securityprofile	stable	direct-tests	66.3
v3.1.0	279dadf0eac51635e6eb7a02c71ae9285d20f66b	root	github.com/aatuh/api-toolkit/v3/specs	stable	direct-tests	82.9
v3.1.0	279dadf0eac51635e6eb7a02c71ae9285d20f66b	root	github.com/aatuh/api-toolkit/v3/swagstub	compatibility-only	direct-tests	68.2
v3.1.0	279dadf0eac51635e6eb7a02c71ae9285d20f66b	root	github.com/aatuh/api-toolkit/v3/upload	stable	direct-tests	95.8
v3.1.0	279dadf0eac51635e6eb7a02c71ae9285d20f66b	root	github.com/aatuh/api-toolkit/v3/webhooks	stable	direct-tests	80.0
v3.1.2	85150460b7427b9b5ea14e01d22f577be90edd43	contrib	(aggregate)	aggregate	aggregate	68.8
v3.1.2	85150460b7427b9b5ea14e01d22f577be90edd43	contrib	github.com/aatuh/api-toolkit/contrib/v3/adapters/auditpostgres	supported-adapter	direct-tests	90.2
v3.1.2	85150460b7427b9b5ea14e01d22f577be90edd43	contrib	github.com/aatuh/api-toolkit/contrib/v3/adapters/cacheredis	supported-adapter	direct-tests	74.3
v3.1.2	85150460b7427b9b5ea14e01d22f577be90edd43	contrib	github.com/aatuh/api-toolkit/contrib/v3/adapters/idempotencyredis	supported-adapter	direct-tests	68.2
v3.1.2	85150460b7427b9b5ea14e01d22f577be90edd43	contrib	github.com/aatuh/api-toolkit/contrib/v3/adapters/objectstores3	supported-adapter	direct-tests	75.1
v3.1.2	85150460b7427b9b5ea14e01d22f577be90edd43	contrib	github.com/aatuh/api-toolkit/contrib/v3/adapters/operationpostgres	supported-adapter	direct-tests	80.0
v3.1.2	85150460b7427b9b5ea14e01d22f577be90edd43	contrib	github.com/aatuh/api-toolkit/contrib/v3/adapters/outboxpostgres	supported-adapter	direct-tests	86.4
v3.1.2	85150460b7427b9b5ea14e01d22f577be90edd43	contrib	github.com/aatuh/api-toolkit/contrib/v3/adapters/pgxpool	supported-adapter	direct-tests	71.7
v3.1.2	85150460b7427b9b5ea14e01d22f577be90edd43	contrib	github.com/aatuh/api-toolkit/contrib/v3/adapters/ratelimitredis	supported-adapter	direct-tests	65.4
v3.1.2	85150460b7427b9b5ea14e01d22f577be90edd43	contrib	github.com/aatuh/api-toolkit/contrib/v3/adapters/webhookdeliverypostgres	supported-adapter	direct-tests	93.5
v3.1.2	85150460b7427b9b5ea14e01d22f577be90edd43	contrib	github.com/aatuh/api-toolkit/contrib/v3/bootstrap	supported-adapter	direct-tests	71.7
v3.1.2	85150460b7427b9b5ea14e01d22f577be90edd43	contrib	github.com/aatuh/api-toolkit/contrib/v3/middleware/auth/oidc	supported-adapter	direct-tests	76.6
v3.1.2	85150460b7427b9b5ea14e01d22f577be90edd43	contrib	github.com/aatuh/api-toolkit/contrib/v3/middleware/metrics	supported-adapter	direct-tests	82.4
v3.1.2	85150460b7427b9b5ea14e01d22f577be90edd43	contrib	github.com/aatuh/api-toolkit/contrib/v3/middleware/openapi	supported-adapter	direct-tests	86.2
v3.1.2	85150460b7427b9b5ea14e01d22f577be90edd43	contrib	github.com/aatuh/api-toolkit/contrib/v3/middleware/oteltrace	supported-adapter	direct-tests	92.2
v3.1.2	85150460b7427b9b5ea14e01d22f577be90edd43	contrib	github.com/aatuh/api-toolkit/contrib/v3/middleware/requestlog	supported-adapter	direct-tests	81.2
v3.1.2	85150460b7427b9b5ea14e01d22f577be90edd43	contrib	github.com/aatuh/api-toolkit/contrib/v3/webhookdelivery	supported-adapter	direct-tests	88.8
v3.1.2	85150460b7427b9b5ea14e01d22f577be90edd43	root	(aggregate)	aggregate	aggregate	77.5
v3.1.2	85150460b7427b9b5ea14e01d22f577be90edd43	root	github.com/aatuh/api-toolkit/v3/apiclient	stable	direct-tests	93.2
v3.1.2	85150460b7427b9b5ea14e01d22f577be90edd43	root	github.com/aatuh/api-toolkit/v3/apitest	stable	direct-tests	78.2
v3.1.2	85150460b7427b9b5ea14e01d22f577be90edd43	root	github.com/aatuh/api-toolkit/v3/authorization	stable	direct-tests	98.4
v3.1.2	85150460b7427b9b5ea14e01d22f577be90edd43	root	github.com/aatuh/api-toolkit/v3/binding	stable	direct-tests	70.8
v3.1.2	85150460b7427b9b5ea14e01d22f577be90edd43	root	github.com/aatuh/api-toolkit/v3/compat/billing	compatibility-only	direct-tests	no-statements
v3.1.2	85150460b7427b9b5ea14e01d22f577be90edd43	root	github.com/aatuh/api-toolkit/v3/contracttest	stable	direct-tests	83.9
v3.1.2	85150460b7427b9b5ea14e01d22f577be90edd43	root	github.com/aatuh/api-toolkit/v3/email	stable	direct-tests	no-statements
v3.1.2	85150460b7427b9b5ea14e01d22f577be90edd43	root	github.com/aatuh/api-toolkit/v3/endpoints/docs	stable	direct-tests	70.5
v3.1.2	85150460b7427b9b5ea14e01d22f577be90edd43	root	github.com/aatuh/api-toolkit/v3/endpoints/health	stable	direct-tests	83.1
v3.1.2	85150460b7427b9b5ea14e01d22f577be90edd43	root	github.com/aatuh/api-toolkit/v3/endpoints/list	stable	direct-tests	77.2
v3.1.2	85150460b7427b9b5ea14e01d22f577be90edd43	root	github.com/aatuh/api-toolkit/v3/endpoints/pprof	stable	direct-tests	93.3
v3.1.2	85150460b7427b9b5ea14e01d22f577be90edd43	root	github.com/aatuh/api-toolkit/v3/endpoints/version	stable	direct-tests	50.0
v3.1.2	85150460b7427b9b5ea14e01d22f577be90edd43	root	github.com/aatuh/api-toolkit/v3/fielderrors	stable	direct-tests	100.0
v3.1.2	85150460b7427b9b5ea14e01d22f577be90edd43	root	github.com/aatuh/api-toolkit/v3/httpcache	stable	direct-tests	78.1
v3.1.2	85150460b7427b9b5ea14e01d22f577be90edd43	root	github.com/aatuh/api-toolkit/v3/httpx	stable	direct-tests	63.7
v3.1.2	85150460b7427b9b5ea14e01d22f577be90edd43	root	github.com/aatuh/api-toolkit/v3/httpx/identity	stable	direct-tests	75.3
v3.1.2	85150460b7427b9b5ea14e01d22f577be90edd43	root	github.com/aatuh/api-toolkit/v3/httpx/recover	stable	direct-tests	55.4
v3.1.2	85150460b7427b9b5ea14e01d22f577be90edd43	root	github.com/aatuh/api-toolkit/v3/idempotent	stable	direct-tests	77.8
v3.1.2	85150460b7427b9b5ea14e01d22f577be90edd43	root	github.com/aatuh/api-toolkit/v3/middleware/auth/apikey	stable	direct-tests	79.7
v3.1.2	85150460b7427b9b5ea14e01d22f577be90edd43	root	github.com/aatuh/api-toolkit/v3/middleware/auth/authz	stable	direct-tests	77.6
v3.1.2	85150460b7427b9b5ea14e01d22f577be90edd43	root	github.com/aatuh/api-toolkit/v3/middleware/auth/jwt	stable	direct-tests	93.3
v3.1.2	85150460b7427b9b5ea14e01d22f577be90edd43	root	github.com/aatuh/api-toolkit/v3/middleware/auth/tenant	stable	direct-tests	84.0
v3.1.2	85150460b7427b9b5ea14e01d22f577be90edd43	root	github.com/aatuh/api-toolkit/v3/middleware/deprecation	stable	direct-tests	83.3
v3.1.2	85150460b7427b9b5ea14e01d22f577be90edd43	root	github.com/aatuh/api-toolkit/v3/middleware/idempotency	stable	direct-tests	71.6
v3.1.2	85150460b7427b9b5ea14e01d22f577be90edd43	root	github.com/aatuh/api-toolkit/v3/middleware/json	stable	direct-tests	70.6
v3.1.2	85150460b7427b9b5ea14e01d22f577be90edd43	root	github.com/aatuh/api-toolkit/v3/middleware/maxbody	stable	direct-tests	85.7
v3.1.2	85150460b7427b9b5ea14e01d22f577be90edd43	root	github.com/aatuh/api-toolkit/v3/middleware/querylimits	stable	direct-tests	95.0
v3.1.2	85150460b7427b9b5ea14e01d22f577be90edd43	root	github.com/aatuh/api-toolkit/v3/middleware/ratelimit	stable	direct-tests	68.6
v3.1.2	85150460b7427b9b5ea14e01d22f577be90edd43	root	github.com/aatuh/api-toolkit/v3/middleware/secure	stable	direct-tests	76.4
v3.1.2	85150460b7427b9b5ea14e01d22f577be90edd43	root	github.com/aatuh/api-toolkit/v3/middleware/timeout	stable	direct-tests	79.4
v3.1.2	85150460b7427b9b5ea14e01d22f577be90edd43	root	github.com/aatuh/api-toolkit/v3/middleware/trace	stable	direct-tests	80.2
v3.1.2	85150460b7427b9b5ea14e01d22f577be90edd43	root	github.com/aatuh/api-toolkit/v3/negotiation	stable	direct-tests	83.8
v3.1.2	85150460b7427b9b5ea14e01d22f577be90edd43	root	github.com/aatuh/api-toolkit/v3/oauth2	stable	direct-tests	97.2
v3.1.2	85150460b7427b9b5ea14e01d22f577be90edd43	root	github.com/aatuh/api-toolkit/v3/operations	stable	direct-tests	77.1
v3.1.2	85150460b7427b9b5ea14e01d22f577be90edd43	root	github.com/aatuh/api-toolkit/v3/ports	stable	direct-tests	62.5
v3.1.2	85150460b7427b9b5ea14e01d22f577be90edd43	root	github.com/aatuh/api-toolkit/v3/queryparams	stable	direct-tests	86.7
v3.1.2	85150460b7427b9b5ea14e01d22f577be90edd43	root	github.com/aatuh/api-toolkit/v3/routecontracts	stable	direct-tests	83.9
v3.1.2	85150460b7427b9b5ea14e01d22f577be90edd43	root	github.com/aatuh/api-toolkit/v3/routepolicy	stable	direct-tests	73.7
v3.1.2	85150460b7427b9b5ea14e01d22f577be90edd43	root	github.com/aatuh/api-toolkit/v3/scheduler	stable	direct-tests	89.9
v3.1.2	85150460b7427b9b5ea14e01d22f577be90edd43	root	github.com/aatuh/api-toolkit/v3/scheduler/migrations	compatibility-only	direct-tests	no-statements
v3.1.2	85150460b7427b9b5ea14e01d22f577be90edd43	root	github.com/aatuh/api-toolkit/v3/securityprofile	stable	direct-tests	84.9
v3.1.2	85150460b7427b9b5ea14e01d22f577be90edd43	root	github.com/aatuh/api-toolkit/v3/specs	stable	direct-tests	82.9
v3.1.2	85150460b7427b9b5ea14e01d22f577be90edd43	root	github.com/aatuh/api-toolkit/v3/swagstub	compatibility-only	direct-tests	68.2
v3.1.2	85150460b7427b9b5ea14e01d22f577be90edd43	root	github.com/aatuh/api-toolkit/v3/upload	stable	direct-tests	95.8
v3.1.2	85150460b7427b9b5ea14e01d22f577be90edd43	root	github.com/aatuh/api-toolkit/v3/webhooks	stable	direct-tests	80.0
